name	type	units	low_cutoff	high_cutoff	sampling_frequency	group	status	status_description	description
ch01	ECOG	µV	n/a	n/a	256.0	grid	good	n/a	column 1 of the release 'data' matrix
ch02	ECOG	µV	n/a	n/a	256.0	grid	good	n/a	column 2 of the release 'data' matrix
ch03	ECOG	µV	n/a	n/a	256.0	grid	good	n/a	column 3 of the release 'data' matrix
ch04	ECOG	µV	n/a	n/a	256.0	grid	good	n/a	column 4 of the release 'data' matrix
ch05	ECOG	µV	n/a	n/a	256.0	grid	good	n/a	column 5 of the release 'data' matrix
ch06	ECOG	µV	n/a	n/a	256.0	grid	good	n/a	column 6 of the release 'data' matrix
ch07	ECOG	µV	n/a	n/a	256.0	grid	good	n/a	column 7 of the release 'data' matrix
ch08	ECOG	µV	n/a	n/a	256.0	grid	good	n/a	column 8 of the release 'data' matrix
ch09	ECOG	µV	n/a	n/a	256.0	grid	good	n/a	column 9 of the release 'data' matrix
ch10	ECOG	µV	n/a	n/a	256.0	grid	good	n/a	column 10 of the release 'data' matrix
ch11	ECOG	µV	n/a	n/a	256.0	grid	good	n/a	column 11 of the release 'data' matrix
ch12	ECOG	µV	n/a	n/a	256.0	grid	good	n/a	column 12 of the release 'data' matrix
ch13	ECOG	µV	n/a	n/a	256.0	grid	good	n/a	column 13 of the release 'data' matrix
ch14	ECOG	µV	n/a	n/a	256.0	grid	good	n/a	column 14 of the release 'data' matrix
ch15	ECOG	µV	n/a	n/a	256.0	grid	good	n/a	column 15 of the release 'data' matrix
ch16	ECOG	µV	n/a	n/a	256.0	grid	good	n/a	column 16 of the release 'data' matrix
ch17	ECOG	µV	n/a	n/a	256.0	grid	good	n/a	column 17 of the release 'data' matrix
ch18	ECOG	µV	n/a	n/a	256.0	grid	good	n/a	column 18 of the release 'data' matrix
ch19	ECOG	µV	n/a	n/a	256.0	grid	good	n/a	column 19 of the release 'data' matrix
ch20	ECOG	µV	n/a	n/a	256.0	grid	good	n/a	column 20 of the release 'data' matrix
ch21	ECOG	µV	n/a	n/a	256.0	grid	good	n/a	column 21 of the release 'data' matrix
ch22	ECOG	µV	n/a	n/a	256.0	grid	good	n/a	column 22 of the release 'data' matrix
ch23	ECOG	µV	n/a	n/a	256.0	grid	good	n/a	column 23 of the release 'data' matrix
ch24	ECOG	µV	n/a	n/a	256.0	grid	good	n/a	column 24 of the release 'data' matrix
ch25	ECOG	µV	n/a	n/a	256.0	grid	good	n/a	column 25 of the release 'data' matrix; 0.7% of samples at the amplitude limit (|x| >= 5482.29)
ch26	ECOG	µV	n/a	n/a	256.0	grid	good	n/a	column 26 of the release 'data' matrix
ch27	ECOG	µV	n/a	n/a	256.0	grid	good	n/a	column 27 of the release 'data' matrix
ch28	ECOG	µV	n/a	n/a	256.0	grid	good	n/a	column 28 of the release 'data' matrix
ch29	ECOG	µV	n/a	n/a	256.0	grid	good	n/a	column 29 of the release 'data' matrix
ch30	ECOG	µV	n/a	n/a	256.0	grid	good	n/a	column 30 of the release 'data' matrix
ch31	ECOG	µV	n/a	n/a	256.0	grid	good	n/a	column 31 of the release 'data' matrix
ch32	ECOG	µV	n/a	n/a	256.0	grid	good	n/a	column 32 of the release 'data' matrix
ch33	ECOG	µV	n/a	n/a	256.0	grid	good	n/a	column 33 of the release 'data' matrix
ch34	ECOG	µV	n/a	n/a	256.0	grid	good	n/a	column 34 of the release 'data' matrix
ch35	ECOG	µV	n/a	n/a	256.0	grid	good	n/a	column 35 of the release 'data' matrix
ch36	ECOG	µV	n/a	n/a	256.0	grid	good	n/a	column 36 of the release 'data' matrix
ch37	ECOG	µV	n/a	n/a	256.0	grid	good	n/a	column 37 of the release 'data' matrix
ch38	ECOG	µV	n/a	n/a	256.0	grid	good	n/a	column 38 of the release 'data' matrix
ch39	ECOG	µV	n/a	n/a	256.0	grid	good	n/a	column 39 of the release 'data' matrix
ch40	ECOG	µV	n/a	n/a	256.0	grid	good	n/a	column 40 of the release 'data' matrix
ch41	ECOG	µV	n/a	n/a	256.0	grid	good	n/a	column 41 of the release 'data' matrix
ch42	ECOG	µV	n/a	n/a	256.0	grid	good	n/a	column 42 of the release 'data' matrix
ch43	ECOG	µV	n/a	n/a	256.0	grid	good	n/a	column 43 of the release 'data' matrix
ch44	ECOG	µV	n/a	n/a	256.0	grid	good	n/a	column 44 of the release 'data' matrix
ch45	ECOG	µV	n/a	n/a	256.0	grid	good	n/a	column 45 of the release 'data' matrix
ch46	ECOG	µV	n/a	n/a	256.0	grid	good	n/a	column 46 of the release 'data' matrix
ch47	ECOG	µV	n/a	n/a	256.0	grid	good	n/a	column 47 of the release 'data' matrix
ch48	ECOG	µV	n/a	n/a	256.0	grid	good	n/a	column 48 of the release 'data' matrix
ch49	ECOG	µV	n/a	n/a	256.0	grid	good	n/a	column 49 of the release 'data' matrix
ch50	ECOG	µV	n/a	n/a	256.0	grid	good	n/a	column 50 of the release 'data' matrix
ch51	ECOG	µV	n/a	n/a	256.0	grid	good	n/a	column 51 of the release 'data' matrix
ch52	ECOG	µV	n/a	n/a	256.0	grid	good	n/a	column 52 of the release 'data' matrix
ch53	ECOG	µV	n/a	n/a	256.0	grid	good	n/a	column 53 of the release 'data' matrix
ch54	ECOG	µV	n/a	n/a	256.0	grid	good	n/a	column 54 of the release 'data' matrix
ch55	ECOG	µV	n/a	n/a	256.0	grid	good	n/a	column 55 of the release 'data' matrix; 0.0% of samples at the amplitude limit (|x| >= 5482.29)
ch56	ECOG	µV	n/a	n/a	256.0	grid	good	n/a	column 56 of the release 'data' matrix
ch57	ECOG	µV	n/a	n/a	256.0	grid	good	n/a	column 57 of the release 'data' matrix
ch58	ECOG	µV	n/a	n/a	256.0	grid	good	n/a	column 58 of the release 'data' matrix
ch59	ECOG	µV	n/a	n/a	256.0	grid	good	n/a	column 59 of the release 'data' matrix
ch60	ECOG	µV	n/a	n/a	256.0	grid	good	n/a	column 60 of the release 'data' matrix
ch61	ECOG	µV	n/a	n/a	256.0	grid	good	n/a	column 61 of the release 'data' matrix
ch62	ECOG	µV	n/a	n/a	256.0	grid	good	n/a	column 62 of the release 'data' matrix
ch63	ECOG	µV	n/a	n/a	256.0	grid	good	n/a	column 63 of the release 'data' matrix
ch64	ECOG	µV	n/a	n/a	256.0	grid	good	n/a	column 64 of the release 'data' matrix
