name	x	y	z	size	group
ch01	n/a	n/a	n/a	n/a	grid
ch02	n/a	n/a	n/a	n/a	grid
ch03	n/a	n/a	n/a	n/a	grid
ch04	n/a	n/a	n/a	n/a	grid
ch05	n/a	n/a	n/a	n/a	grid
ch06	n/a	n/a	n/a	n/a	grid
ch07	n/a	n/a	n/a	n/a	grid
ch08	n/a	n/a	n/a	n/a	grid
ch09	n/a	n/a	n/a	n/a	grid
ch10	n/a	n/a	n/a	n/a	grid
ch11	n/a	n/a	n/a	n/a	grid
ch12	n/a	n/a	n/a	n/a	grid
ch13	n/a	n/a	n/a	n/a	grid
ch14	n/a	n/a	n/a	n/a	grid
ch15	n/a	n/a	n/a	n/a	grid
ch16	n/a	n/a	n/a	n/a	grid
ch17	n/a	n/a	n/a	n/a	grid
ch18	n/a	n/a	n/a	n/a	grid
ch19	n/a	n/a	n/a	n/a	grid
ch20	n/a	n/a	n/a	n/a	grid
ch21	n/a	n/a	n/a	n/a	grid
ch22	n/a	n/a	n/a	n/a	grid
ch23	n/a	n/a	n/a	n/a	grid
ch24	n/a	n/a	n/a	n/a	grid
ch25	n/a	n/a	n/a	n/a	grid
ch26	n/a	n/a	n/a	n/a	grid
ch27	n/a	n/a	n/a	n/a	grid
ch28	n/a	n/a	n/a	n/a	grid
ch29	n/a	n/a	n/a	n/a	grid
ch30	n/a	n/a	n/a	n/a	grid
ch31	n/a	n/a	n/a	n/a	grid
ch32	n/a	n/a	n/a	n/a	grid
ch33	n/a	n/a	n/a	n/a	grid
ch34	n/a	n/a	n/a	n/a	grid
ch35	n/a	n/a	n/a	n/a	grid
ch36	n/a	n/a	n/a	n/a	grid
ch37	n/a	n/a	n/a	n/a	grid
ch38	n/a	n/a	n/a	n/a	grid
ch39	n/a	n/a	n/a	n/a	grid
ch40	n/a	n/a	n/a	n/a	grid
ch41	n/a	n/a	n/a	n/a	grid
ch42	n/a	n/a	n/a	n/a	grid
ch43	n/a	n/a	n/a	n/a	grid
ch44	n/a	n/a	n/a	n/a	grid
ch45	n/a	n/a	n/a	n/a	grid
ch46	n/a	n/a	n/a	n/a	grid
ch47	n/a	n/a	n/a	n/a	grid
ch48	n/a	n/a	n/a	n/a	grid
ch49	n/a	n/a	n/a	n/a	grid
ch50	n/a	n/a	n/a	n/a	grid
ch51	n/a	n/a	n/a	n/a	grid
ch52	n/a	n/a	n/a	n/a	grid
ch53	n/a	n/a	n/a	n/a	grid
ch54	n/a	n/a	n/a	n/a	grid
ch55	n/a	n/a	n/a	n/a	grid
ch56	n/a	n/a	n/a	n/a	grid
ch57	n/a	n/a	n/a	n/a	grid
ch58	n/a	n/a	n/a	n/a	grid
ch59	n/a	n/a	n/a	n/a	grid
ch60	n/a	n/a	n/a	n/a	grid
ch61	n/a	n/a	n/a	n/a	grid
ch62	n/a	n/a	n/a	n/a	grid
ch63	n/a	n/a	n/a	n/a	grid
ch64	n/a	n/a	n/a	n/a	grid
