path	bytes_original	sha256_original	sha256_here	change
README_for_SubA_Sleep1.pdf	453854	6404bd772c717672fd4528fe92533d32a81ed71e5f0e47503e62ab13744fca24	ab560f3b4788e48ec83a30ca0c07c0ea57d03e7fd02334ddbe55e6c35841bb13	PDF metadata CreationDate/ModDate day -> 01 (same length)
SubA_Sleep1.mat	80396013	66e6ad3e7585b067f233a94a7c9054a3d3b3d3094f4c83cb7c2b1d8ea7aae495	868dc5e2ae1abdf0d401069dbbfb7c6331db148f7e0a8c93fc8ad4883e163b95	MAT text header date -> Mmm 01 yyyy
SubA_Sleep2_part1.mat	190022530	68d5fa0aded9ef5ed82754131fd969d7bf6a5a6edfe090b58d2ed37aaa650228	316863f9b9027ab282f06ae7f59515298e15ae07962eaffaa17d4cd468496d96	MAT text header date -> Mmm 01 yyyy
SubA_Sleep2_part2.mat	192422212	47feae4f523269b93bbbe0b6bca2603a1319f74d04f04b6d4efee60e3699d735	49f0c6f217a3a401d27cc907bdd351e9cf5cd7d7d0b6fa2aee450844f67daea8	MAT text header date -> Mmm 01 yyyy
SubA_Wake1_part1.mat	224636065	682e1185a65a0cebe02f50654abd2c7049e887ee918657870d4ec988a2ac90b9	5fcd846583239f53656e8f9a2e02ea79834a8f51163e28a41e17c3584ed47e8f	MAT text header date -> Mmm 01 yyyy
SubA_Wake1_part2.mat	216050725	7b2d192e46873b50d30dfe872dddadb821caabf1fa8cf1460c9a9177dbe756b0	c435c7a83cdb3e35ce5b3f6472635bed7a98f0ac6b3d606b6f11028a4129173a	MAT text header date -> Mmm 01 yyyy
SubA_Wake2_part1.mat	178936547	0e3a10db1cfd1ac03e54470d4fd8e9c76275e7dccc94703550e70128156ad2b2	4702eb08a0f0e4c7948be8b7509fe56be447adbe15cc64516bb64a15d8b86573	MAT text header date -> Mmm 01 yyyy
SubA_Wake2_part2.mat	178695878	f97e71fa322410ad99a213a1df773d93222ee6f759b47199969632ebd5524923	a9b8af2415bd7c5380fbcc8cef127e9d0c6165b5687c34bda251a47d8043829a	MAT text header date -> Mmm 01 yyyy
SubB_Sleep1.mat	200510914	4b9fb2ba59d662ff8f640b853390508ad66687c225d2b7c212d0c2d97152b783	0f5bc9a37ae5dd0a92cf2aba879a8eaa93610a44859e93dca226805707e131c2	MAT text header date -> Mmm 01 yyyy
SubB_Sleep2_part1.mat	203931902	a4e375d9d18ec8dbf0cc74795e457d660928f966c68ac9346ae448b6314b2619	3c08ec290772f8485263d11d294ac899c21b60ca99f79db0d7dcf408aff28797	MAT text header date -> Mmm 01 yyyy
SubB_Sleep2_part2.mat	203677531	5fa16f5909559fd2ea7e8fff08768e4ead7dabc3aa9515e78e6fef4220f2f47b	f6d69b7e0407160757f4f80c2772c7a167ece0392053b0598241176e142cae72	MAT text header date -> Mmm 01 yyyy
SubB_Wake1.mat	168168402	5be66cfe282c970a3241c168cf66ed85c94d112cdd2f98cdd6025cba25b3ffc9	f1d13bd8ee2e69f8576c537ea79252fa40ad91b435b628b4bf48d01bca16dc08	MAT text header date -> Mmm 01 yyyy
SubB_Wake2_part1.mat	205770236	2bdc16b3adb08844c6b59819744263ef129e76cc185c58c575ea50bf83fdd488	38a8a4cc5102e992135a4b2025039eb4184563e5338a95e0ac21c329e314c9b1	MAT text header date -> Mmm 01 yyyy
SubB_Wake2_part2.mat	204063104	28c71303fb08c0151a05e28d3d7359bcdfc9fc8e1263f505c4b0390869014d5e	d5a840d107ead3a53865638ad0f1ac5ac9879d886c4cf5c6673b33edab6f770f	MAT text header date -> Mmm 01 yyyy
SubC_Sleep1.mat	176830248	a01441e0cdf18b0517c27c06f871682299179c0e4f604c79df262b6b7fcc0b3c	f2deceeb27720d8a9e686c55f00972cd4028095778bbac5d6aa16f41b7c712f6	MAT text header date -> Mmm 01 yyyy
SubC_Sleep2_part1.mat	194500272	77cbd7c1b303f0cb9b4fd029bf6603cab854b09fbea53aaa957449de2330b539	aa33e7894c10c3f13c9a3f9757622393341662c0094b50cd57bfe5a300f9fd56	MAT text header date -> Mmm 01 yyyy
SubC_Sleep2_part2.mat	195440313	c7af82e862e152996f3f11a7a1c0ac8287994a7749d09c00b33f7ec0058bb3a5	4a267e5ae23f2632e16229b463868dd0afa656246221026e66a8dcb171437dba	MAT text header date -> Mmm 01 yyyy
SubC_Wake2.mat	250063210	ea790d483adae87785ad647c1c4d0f3eee32560efddc5a329ae009d6631ae84e	284589827b4ccc6da59424d3e9389e63c5508ac2cf64b416bd0acdcb5086099a	MAT text header date -> Mmm 01 yyyy
SubC_Wake_1.mat	226365756	2e9d67fb2065d69bdda2d5ec225b080c89bab28c1a8ca98e452d103a6b5aef09	39d92be059325a2f3a8d623ac61008a75a6500c375afe436bc21ab12d64e9864	MAT text header date -> Mmm 01 yyyy
SubD_Sleep1_part1.mat	170504059	7fade16571f18680ea01230ceada0be4eafc5cc5bf5a5144b015050114685bfb	9289352bb6b0c09db9a65cee6145e7e6071de6ac0cb82de3c63151848e69a4e1	MAT text header date -> Mmm 01 yyyy
SubD_Sleep1_part2.mat	170842028	964a74c7e39cd248016a5032e6d71afca582f4942b2360aabf59c284d0c77f2b	c62e6e8378fa98b8b87daeb74bb446798256066a92e589b8558dfa06e1bace1c	MAT text header date -> Mmm 01 yyyy
SubD_Sleep2.mat	168065769	448665375fc0f37ce2575e8511be77d397fe3499f20f71bbf0eee20d8e866800	29c40b3a02351a820197dd5f80b3deb1e6f30bd351cfa915e6eea8e3673275fd	MAT text header date -> Mmm 01 yyyy
SubD_Wake1.mat	184699249	86a6da9ed4c6a4e1af82a6310d25626bd534e19fb214ee816ccb64702b46a402	51cf89cb09e092469776ec990b4b8a859615fe70646ac4c28b39ca54bf01286b	MAT text header date -> Mmm 01 yyyy
SubD_Wake2.mat	211659069	a916e083f2d4b9a65543aede45417d2fc3e379aeef9fa886c76563c9e365aa51	d306515cdaa09900cf6e1db67e1e10fb937db91370ae5fa7e470751c4d9408ca	MAT text header date -> Mmm 01 yyyy
